{"cameraMode":{"drawMode":0,"name":"Shaded","section":"Shading Mode"},"sceneLighting":false,"audioPlay":false,"sceneViewState":{"showFog":true,"showMaterialUpdate":false,"showSkybox":false,"showFlares":true,"showImageEffects":true,"showParticleSystems":true},"in2DMode":false,"pivot":{"x":8.593180656433106,"y":0.7864567041397095,"z":1.396278738975525},"rotation":{"x":-0.14078432321548463,"y":0.5556440353393555,"z":-0.09612945467233658,"w":-0.8137572407722473},"size":1.1950945854187012,"orthographic":false}