{"cameraMode":{"drawMode":0,"name":"Shaded","section":"Shading Mode"},"sceneLighting":true,"audioPlay":false,"sceneViewState":{"showFog":true,"showMaterialUpdate":false,"showSkybox":true,"showFlares":true,"showImageEffects":true,"showParticleSystems":true},"in2DMode":false,"pivot":{"x":-1.6855518817901612,"y":2.466484546661377,"z":13.249902725219727},"rotation":{"x":0.03748615086078644,"y":0.016487643122673036,"z":-0.0006183915538713336,"w":0.9991625547409058},"size":3.8019862174987795,"orthographic":false}